domainId,domainName,constructId,constructName,facetId,facetName,definition,epistemicTier,isOptionalModule,primaryInstrumentId,minItemsTarget,standardFormTarget,maxBankTarget
core_personality,"Core Personality",honesty_humility,"Honesty-Humility (Dürüstlük-Alçakgönüllülük)",sincerity,"Sincerity (İçtenlik)","Kişilerarası ilişkilerde yapmacıklıktan, manipülasyondan ve dalkavukluktan kaçınma eğilimi.",A,false,inst_ipip_hexaco,3,6,16
core_personality,"Core Personality",honesty_humility,"Honesty-Humility (Dürüstlük-Alçakgönüllülük)",fairness,"Fairness (Adalet)","Hile, yolsuzluk, rüşvet ve kayırmacılıktan uzak durarak adil davranma ilkesi.",A,false,inst_ipip_hexaco,3,6,16
core_personality,"Core Personality",honesty_humility,"Honesty-Humility (Dürüstlük-Alçakgönüllülük)",greed_avoidance,"Greed Avoidance (Açgözlülükten Kaçınma)","Aşırı zenginlik, lüks tüketim ve gösterişli statü sembolleri peşinde koşmama eğilimi.",A,false,inst_ipip_hexaco,3,6,16
core_personality,"Core Personality",honesty_humility,"Honesty-Humility (Dürüstlük-Alçakgönüllülük)",modesty,"Modesty (Tevazu)","Kendini başkalarından üstün veya özel ayrıcalıklara layık görmeme tutumu.",A,false,inst_ipip_hexaco,3,6,16
core_personality,"Core Personality",emotionality,"Emotionality (Duygusallık / Hassasiyet)",fearfulness,"Fearfulness (Korku Hassasiyeti)","Fiziksel tehlike, acı veya bedensel zarar içeren durumlara karşı duyarlılık ve kaçınma.",A,false,inst_ipip_hexaco,3,6,16
core_personality,"Core Personality",emotionality,"Emotionality (Duygusallık / Hassasiyet)",anxiety_proneness,"Anxiety Proneness (Kaygı Eğilimi)","Gelecekteki belirsizlikler, olası güçlükler ve stresörler karşısında endişelenme eğilimi.",A,false,inst_ipip_hexaco,3,6,16
core_personality,"Core Personality",emotionality,"Emotionality (Duygusallık / Hassasiyet)",dependence,"Dependence (Duygusal Destek İhtiyacı)","Zor zamanlarda duygusal teselli, onay ve yakınlarına yaslanma ihtiyacı.",A,false,inst_ipip_hexaco,3,6,16
core_personality,"Core Personality",emotionality,"Emotionality (Duygusallık / Hassasiyet)",sentimentality,"Sentimentality (Duygusal Bağlılık ve Hüzün)","Derin duygusal bağlar kurma, vedalarda veya hüzünlü sanatsal uyaranlarda çabuk duygulanma.",A,false,inst_ipip_hexaco,3,6,16
core_personality,"Core Personality",extraversion,"Extraversion (Dışadönüklük)",social_self_esteem,"Social Self-Esteem (Sosyal Özsaygı)","Sosyal ortamlarda kendini rahat, kabul görmüş ve değerli hissetme eğilimi.",A,false,inst_ipip_hexaco,3,6,16
core_personality,"Core Personality",extraversion,"Extraversion (Dışadönüklük)",social_boldness,"Social Boldness (Sosyal Cesaret / Liderlik)","Grup içinde söz alma, topluluk önünde konuşma ve yönlendirici rol üstlenme rahatlığı.",A,false,inst_ipip_hexaco,3,6,16
core_personality,"Core Personality",extraversion,"Extraversion (Dışadönüklük)",sociability,"Sociability (Sosyallik)","İnsanlarla bir arada bulunmaktan ve grup etkileşimlerinden keyif alma eğilimi.",A,false,inst_ipip_hexaco,3,6,16
core_personality,"Core Personality",extraversion,"Extraversion (Dışadönüklük)",liveliness,"Liveliness (Canlılık ve İyimser Coşku)","Genel yaşam enerjisi, neşe, heves ve pozitif duygulanım aktarımı.",A,false,inst_ipip_hexaco,3,6,16
core_personality,"Core Personality",agreeableness,"Agreeableness (Geçimlilik / Hoşgörü)",forgiveness,"Forgiveness (Bağışlayıcılık)","Haksızlık yapanlara karşı kin tutmama ve affetmeye açık olma eğilimi.",A,false,inst_ipip_hexaco,3,6,16
core_personality,"Core Personality",agreeableness,"Agreeableness (Geçimlilik / Hoşgörü)",gentleness,"Gentleness (Yumuşak Başlılık)","İletişimde sertlik ve kabalıktan kaçınma, yapıcı ve nazik olma tutumu.",A,false,inst_ipip_hexaco,3,6,16
core_personality,"Core Personality",agreeableness,"Agreeableness (Geçimlilik / Hoşgörü)",flexibility,"Flexibility (Uzlaşmacılık)","Ortak kararlarda inatçılık yapmama, başkalarının görüşlerine uyum sağlama esnekliği.",A,false,inst_ipip_hexaco,3,6,16
core_personality,"Core Personality",agreeableness,"Agreeableness (Geçimlilik / Hoşgörü)",patience,"Patience (Sabır / Sakinlik)","Tahrik ve engellenme anlarında öfke patlaması yaşamama, sakin kalabilme kapasitesi.",A,false,inst_ipip_hexaco,3,6,16
core_personality,"Core Personality",conscientiousness,"Conscientiousness (Sorumluluk / Öz-Disiplin)",organization,"Organization (Düzenlilik)","Yaşam ve çalışma alanlarını, görevleri yapılandırılmış ve düzenli tutma eğilimi.",A,false,inst_ipip_hexaco,3,6,16
core_personality,"Core Personality",conscientiousness,"Conscientiousness (Sorumluluk / Öz-Disiplin)",diligence,"Diligence (Çalışkanlık)","Zorlu görevleri başarıyla sonuçlandırmak için yoğun çaba sarf etme disiplini.",A,false,inst_ipip_hexaco,3,6,16
core_personality,"Core Personality",conscientiousness,"Conscientiousness (Sorumluluk / Öz-Disiplin)",perfectionism,"Perfectionism (Yüksek Standart Titizliği)","Detaylara aşırı özen gösterme ve yüksek kalite standartları talep etme.",A,false,inst_ipip_hexaco,3,6,16
core_personality,"Core Personality",conscientiousness,"Conscientiousness (Sorumluluk / Öz-Disiplin)",prudence,"Prudence (Tedbirlilik)","Karar alırken dürtüsel davranmama, olası sonuçları dikkatle tartma alışkanlığı.",A,false,inst_ipip_hexaco,3,6,16
core_personality,"Core Personality",openness,"Openness to Experience (Deneyime Açıklık)",aesthetic_appreciation,"Aesthetic Appreciation (Estetik Duyarlılık)","Sanat, doğa güzelliği, müzik ve tasarımdan derinden etkilenme kapasitesi.",A,false,inst_ipip_hexaco,3,6,16
core_personality,"Core Personality",openness,"Openness to Experience (Deneyime Açıklık)",inquisitiveness,"Inquisitiveness (Entelektüel Merak)","Doğa bilimleri, felsefe, tarih ve yeni bilgi alanlarını öğrenme açlığı.",A,false,inst_ipip_hexaco,3,6,16
core_personality,"Core Personality",openness,"Openness to Experience (Deneyime Açıklık)",creativity,"Creativity (Yaratıcı İfade)","Problemlere özgün çözümler geliştirme ve yeni fikirler üretme hevesi.",A,false,inst_ipip_hexaco,3,6,16
core_personality,"Core Personality",openness,"Openness to Experience (Deneyime Açıklık)",unconventionality,"Unconventionality (Gelenekdışılık)","Alışılmışın dışındaki görüşlere, marjinal fikirlere ve yaşam tarzlarına açıklık.",A,false,inst_ipip_hexaco,3,6,16
self_system,"Self-System & Identity",self_evaluation,"Self-Evaluation Structure (Benlik Değerlendirmesi)",core_self_esteem,"Core Self-Esteem (Temel Benlik Saygısı)","Bireyin kendi varoluşuna ve değerine ilişkin genel, koşulsuz özsaygı düzeyi.",A,false,inst_rses,3,6,12
self_system,"Self-System & Identity",self_evaluation,"Self-Evaluation Structure (Benlik Değerlendirmesi)",contingent_self_worth,"Contingent Self-Worth (Koşullu Öz-Değer)","Öz-değer hissinin dışsal başarıya, akademik/mesleki performansa veya başkalarının beğenisine endeksli olma derecesi.",B,false,inst_rses,3,6,12
self_system,"Self-System & Identity",self_evaluation,"Self-Evaluation Structure (Benlik Değerlendirmesi)",self_compassion,"Self-Compassion (Öz-Şefkat)","Başarısızlık ve acı anlarında kendine acımasızca saldırmak yerine anlayış ve şefkat gösterebilme.",A,false,inst_scs_sf,3,6,12
self_system,"Self-System & Identity",agency_mastery,"Agency & Mastery (Yetkinlik ve İrade)",generalized_self_efficacy,"Generalized Self-Efficacy (Genel Öz-Yeterlilik)","Yeni veya zorlu taleplerle karşılaştığında gereken eylemleri başarıyla organize edip yürütebilme inancı.",A,false,inst_gses,3,6,12
self_system,"Self-System & Identity",agency_mastery,"Agency & Mastery (Yetkinlik ve İrade)",locus_of_control,"Internal Locus of Control (İçsel Kontrol Odağı)","Yaşam sonuçlarının kader, şans veya güçlü diğerleri yerine kendi kararları ve eylemleri tarafından belirlendiği inancı.",B,false,inst_gses,3,6,12
self_system,"Self-System & Identity",identity_integrity,"Identity Integrity (Kimlik Bütünlüğü)",self_concept_clarity,"Self-Concept Clarity (Benlik Kavramı Netliği)","Benliğe dair inançların açık, içsel olarak tutarlı ve zaman içinde kararlı olması.",A,false,inst_sccs,3,6,12
self_system,"Self-System & Identity",identity_integrity,"Identity Integrity (Kimlik Bütünlüğü)",authenticity,"Authenticity (Özgünlük)","Dış baskılara boyun eğmek yerine kendi derin değerleri ve gerçek hisleriyle uyumlu yaşama cesareti.",B,false,inst_sccs,3,6,12
emotion_regulation,"Emotion & Affect Regulation",emotion_regulation_strategies,"Emotion Regulation Strategies (Duygu Düzenleme)",cognitive_reappraisal,"Cognitive Reappraisal (Bilişsel Yeniden Değerlendirme)","Duygusal tepkiyi azaltmak veya değiştirmek için duruma yüklenen anlamı zihinsel olarak yeniden çerçeveleme eğilimi.",A,false,inst_erq,3,6,12
emotion_regulation,"Emotion & Affect Regulation",emotion_regulation_strategies,"Emotion Regulation Strategies (Duygu Düzenleme)",expressive_suppression,"Expressive Suppression (Duygusal İfadeyi Bastırma)","Yaşanan duyguların dışavurumunu fiziksel, mimiksel veya sözel olarak baskılama ve gizleme eğilimi.",A,false,inst_erq,3,6,12
emotion_regulation,"Emotion & Affect Regulation",affective_dynamics,"Affective Dynamics (Duygulanım Dinamikleri)",emotional_reactivity,"Emotional Reactivity (Duygusal Reaktivite)","Çevresel veya içsel duygusal tetikleyiciler karşısında aniden ve yüksek şiddette uyarılma derecesi.",B,false,inst_dts,3,6,12
emotion_regulation,"Emotion & Affect Regulation",affective_dynamics,"Affective Dynamics (Duygulanım Dinamikleri)",emotional_recovery,"Emotional Recovery (Duygusal Toparlanma Hızı)","Yoğun bir duygusal sarsıntı veya öfke sonrasında nötr/sakin bazal çizgiye dönme sürati.",B,false,inst_dts,3,6,12
emotion_regulation,"Emotion & Affect Regulation",affective_dynamics,"Affective Dynamics (Duygulanım Dinamikleri)",trait_positive_affect,"Trait Positive Affect (Pozitif Duygulanım Eğilimi)","Coşku, canlılık, heyecan ve gurur gibi olumlu duyguları düzenli deneyimleme sıklığı.",A,false,inst_panas,3,6,12
emotion_regulation,"Emotion & Affect Regulation",affective_dynamics,"Affective Dynamics (Duygulanım Dinamikleri)",trait_negative_affect,"Trait Negative Affect (Negatif Duygulanım Eğilimi)","Kaygı, hüzün, suçluluk ve tedirginlik gibi zorlayıcı duyguları düzenli yaşama sıklığı.",A,false,inst_panas,3,6,12
emotion_regulation,"Emotion & Affect Regulation",distress_management,"Distress Management (Zorlayıcı Yaşantı Yönetimi)",distress_tolerance,"Distress Tolerance (Sıkıntıya Dayanıklılık)","Olumsuz içsel duygusal durumları felaketleştirmeden onlarla bir arada kalabilme kapasitesi.",A,false,inst_dts,3,6,12
emotion_regulation,"Emotion & Affect Regulation",distress_management,"Distress Management (Zorlayıcı Yaşantı Yönetimi)",experiential_avoidance,"Experiential Avoidance (Yaşantısal Kaçınma)","İstenmeyen düşünce, anı veya hislerden kaçınmak için davranış repertuarını daraltma eğilimi.",B,false,inst_dts,3,6,12
emotion_regulation,"Emotion & Affect Regulation",self_conscious_emotions,"Self-Conscious Emotions (Öz-Bilinçli Duygular)",shame_proneness,"Shame-Proneness (Utanç Eğilimi)","Hata yaptığında tüm benliğini kusurlu, küçük ve saklanmaya layık hissetme yatkınlığı.",B,false,inst_panas,3,6,12
emotion_regulation,"Emotion & Affect Regulation",self_conscious_emotions,"Self-Conscious Emotions (Öz-Bilinçli Duygular)",guilt_proneness,"Guilt-Proneness (Suçluluk ve Onarım Eğilimi)","Hata yaptığında eyleme odaklanıp sorumluluk alma ve durumu düzeltme yönelimi.",B,false,inst_panas,3,6,12
cognition_decision,"Cognition & Decision Making",epistemic_drive,"Epistemic Drive (Bilişsel Motivasyon)",need_for_cognition,"Need for Cognition (Bilişsel Çaba İhtiyacı)","Zihinsel çaba ve derin analiz gerektiren karmaşık sorunlarla uğraşmaktan zevk alma derecesi.",A,false,inst_nfcs_sf,3,6,12
cognition_decision,"Cognition & Decision Making",epistemic_drive,"Epistemic Drive (Bilişsel Motivasyon)",need_for_cognitive_closure,"Need for Cognitive Closure (Bilişsel Kapanma İhtiyacı)","Belirsizlik ve karmaşayı hızla sonlandırma, kesin ve değiştirilemez yanıtlara ulaşma arzusu.",A,false,inst_nfcs_sf,3,6,12
cognition_decision,"Cognition & Decision Making",thinking_styles,"Thinking Styles (Düşünme Tarzları)",rational_analytical_style,"Rational / Analytical Processing (Rasyonel Analitik Tarz)","Karar alırken sistematik adımlara, mantıksal tutarlılığa ve nesnel kanıtlara dayanma tercihi.",A,false,inst_nfcs_sf,3,6,12
cognition_decision,"Cognition & Decision Making",thinking_styles,"Thinking Styles (Düşünme Tarzları)",intuitive_experiential_style,"Intuitive / Experiential Processing (Sezgisel Yaşantısal Tarz)","İçgüdüsel hislere, deneyimsel örüntülere ve bütüncül sezgilere dayanarak hızlı karar verme eğilimi.",A,false,inst_nfcs_sf,3,6,12
cognition_decision,"Cognition & Decision Making",cognitive_adaptability,"Cognitive Adaptability (Bilişsel Uyum ve Esneklik)",cognitive_flexibility,"Cognitive Flexibility (Bilişsel Esneklik)","Koşullar değiştiğinde strateji değiştirebilme ve olayları çoklu alternatif açılardan görebilme yetisi.",B,false,inst_ius_12,3,6,12
cognition_decision,"Cognition & Decision Making",cognitive_adaptability,"Cognitive Adaptability (Bilişsel Uyum ve Esneklik)",intolerance_of_uncertainty,"Intolerance of Uncertainty (Belirsizliğe Tahammülsüzlük)","Sonucu önceden kestirilemeyen durumları doğrudan tehdit edici ve felç edici olarak algılama eğilimi.",A,false,inst_ius_12,3,6,12
cognition_decision,"Cognition & Decision Making",cognitive_adaptability,"Cognitive Adaptability (Bilişsel Uyum ve Esneklik)",rumination_brooding,"Rumination - Brooding (Ruminatif Saplantı)","Geçmişteki hataları, pişmanlıkları ve olumsuz duyguları çözümsüz bir döngüde zihinde çevirme eğilimi.",A,false,inst_rrs_sf,3,6,12
cognition_decision,"Cognition & Decision Making",decision_orientation,"Decision Orientation (Karar Verme Yönelimleri)",maximizing_tendency,"Maximizing Tendency (Maksimum Seçenek Arayışı)","Yeterince iyi olanı kabul etmek yerine her kararda en mükemmel alternatifi bulmak için aşırı enerji harcama.",B,false,inst_nfcs_sf,3,6,12
cognition_decision,"Cognition & Decision Making",decision_orientation,"Decision Orientation (Karar Verme Yönelimleri)",decision_avoidance_procrastination,"Decision Avoidance / Procrastination (Karar Erteleme)","Karar alma sorumluluğunu veya eyleme geçmeyi belirsizlik ve hata korkusuyla sürekli geciktirme.",B,false,inst_nfcs_sf,3,6,12
self_regulation,"Self-Regulation & Volition",impulsivity_uppsp,"Impulsivity Dimensions (UPPS-P Dürtüsellik Modeli)",negative_urgency,"Negative Urgency (Negatif Aciliyet)","Yoğun üzüntü, öfke veya kaygı altındayken düşünmeden zararlı dürtüsel eylemlere girişme eğilimi.",A,false,inst_upps_p_sf,3,4,10
self_regulation,"Self-Regulation & Volition",impulsivity_uppsp,"Impulsivity Dimensions (UPPS-P Dürtüsellik Modeli)",positive_urgency,"Positive Urgency (Pozitif Aciliyet)","Aşırı neşeli, coşkulu veya heyecanlı anlarda tedbirsizce riskli adımlar atma eğilimi.",A,false,inst_upps_p_sf,3,4,10
self_regulation,"Self-Regulation & Volition",impulsivity_uppsp,"Impulsivity Dimensions (UPPS-P Dürtüsellik Modeli)",lack_of_premeditation,"Lack of Premeditation (Önceden Düşünmeme)","Eyleme geçmeden önce sonuçları ve olası etkileri tartmama alışkanlığı.",A,false,inst_upps_p_sf,3,4,10
self_regulation,"Self-Regulation & Volition",impulsivity_uppsp,"Impulsivity Dimensions (UPPS-P Dürtüsellik Modeli)",lack_of_perseverance,"Lack of Perseverance (Sebat Eksikliği)","Sıkıcı, monoton veya zorlayıcı hale gelen görevlerde dikkati sürdürememe ve yarıda bırakma.",A,false,inst_upps_p_sf,3,4,10
self_regulation,"Self-Regulation & Volition",impulsivity_uppsp,"Impulsivity Dimensions (UPPS-P Dürtüsellik Modeli)",sensation_seeking,"Sensation Seeking (Heyecan Arayışı)","Yüksek duyusal uyarılma, macera ve yenilik içeren deneyimlere yönelme tercihi.",A,false,inst_upps_p_sf,3,4,10
self_regulation,"Self-Regulation & Volition",volitional_stamina,"Volitional Stamina (İrade ve Hedef Sürdürme)",general_self_control,"General Self-Control (Genel Özdenetim)","Uzun vadeli amaçlar lehine kısa vadeli anlık cazibelere ve dürtülere direnebilme gücü.",A,false,inst_bscs,3,6,13
self_regulation,"Self-Regulation & Volition",volitional_stamina,"Volitional Stamina (İrade ve Hedef Sürdürme)",delay_discounting,"Delayed Gratification (Gecikmiş Doyum / Ödül Tercihi)","Küçük anlık bir kazanç yerine sabrederek gelecekteki çok daha büyük ödülleri seçebilme kapasitesi.",B,false,inst_bscs,3,5,10
self_regulation,"Self-Regulation & Volition",volitional_stamina,"Volitional Stamina (İrade ve Hedef Sürdürme)",long_term_grit,"Long-Term Grit (Azim ve Tutku)","Yıllara yayılan uzun vadeli vizyonlara tutku ve ısrarla bağlı kalma direnci.",A,false,inst_grit_s,3,6,12
motivation_values,"Motivation, Needs & Values",basic_psychological_needs,"Basic Psychological Needs (Temel Psikolojik İhtiyaçlar - SDT)",autonomy_need,"Autonomy Need (Özerklik İhtiyacı)","Davranışlarının kendi özgür iradesi, değerleri ve seçimleriyle uyumlu olma gereksinimi.",A,false,inst_bpnsfs,3,6,12
motivation_values,"Motivation, Needs & Values",basic_psychological_needs,"Basic Psychological Needs (Temel Psikolojik İhtiyaçlar - SDT)",competence_need,"Competence Need (Yeterlik / Ustalık İhtiyacı)","Çevreyle etkili etkileşim kurma, becerilerini geliştirme ve yetkin hissetme ihtiyacı.",A,false,inst_bpnsfs,3,6,12
motivation_values,"Motivation, Needs & Values",basic_psychological_needs,"Basic Psychological Needs (Temel Psikolojik İhtiyaçlar - SDT)",relatedness_need,"Relatedness Need (İlişkilenme / Ait Olma İhtiyacı)","Başkaları tarafından önemsenme, derin bağlar kurma ve sıcak bir topluluğa ait hissetme ihtiyacı.",A,false,inst_bpnsfs,3,6,12
motivation_values,"Motivation, Needs & Values",universal_values,"Universal Human Values (Schwartz Değer Çemberi)",values_openness_to_change,"Openness to Change Values (Değişime Açıklık Değerleri)","Özyönelim (bağımsız düşünce), uyarılma (yenilik arayışı) ve hazcılığa verilen önem.",A,false,inst_ipip_schwartz_values,3,6,12
motivation_values,"Motivation, Needs & Values",universal_values,"Universal Human Values (Schwartz Değer Çemberi)",values_self_transcendence,"Self-Transcendence Values (Öz-Aşkınlık Değerleri)","Evrenselcilik (tüm insanlığın ve doğanın refahı) ve iyilikseverliğe (yakın çevrenin iyiliği) verilen değer.",A,false,inst_ipip_schwartz_values,3,6,12
motivation_values,"Motivation, Needs & Values",universal_values,"Universal Human Values (Schwartz Değer Çemberi)",values_conservation,"Conservation Values (Muhafaza Değerleri)","Güvenlik, gelenek ve kurallara uyum (toplumsal istikrar ve aile düzeni) değerleri.",A,false,inst_ipip_schwartz_values,3,6,12
motivation_values,"Motivation, Needs & Values",universal_values,"Universal Human Values (Schwartz Değer Çemberi)",values_self_enhancement,"Self-Enhancement Values (Kendini Yüceltme Değerleri)","Başarı, yetkinlik gösterisi ve sosyal güç/etki kurmaya verilen kişisel öncelik.",A,false,inst_ipip_schwartz_values,3,6,12
motivation_values,"Motivation, Needs & Values",existential_meaning,"Existential Meaning (Varoluşsal Anlam)",presence_of_meaning,"Presence of Meaning (Anlamın Varlığı)","Kişinin yaşamının bir anlamı, amacı ve değeri olduğunu hissetme derecesi.",A,false,inst_mlq,3,5,10
motivation_values,"Motivation, Needs & Values",existential_meaning,"Existential Meaning (Varoluşsal Anlam)",search_for_meaning,"Search for Meaning (Anlam Arayışı)","Yaşamının amacını, yerini ve derin anlamını aktif olarak keşfetme ve sorgulama yönelimi.",A,false,inst_mlq,3,5,10
social_relational,"Interpersonal & Social Dynamics",attachment_system,"Adult Attachment Dimensions (Yetişkin Bağlanma Eksenleri)",attachment_anxiety,"Attachment Anxiety (Bağlanma Kaygısı)","Yakın ilişkilerde sevilmeme, terk edilme ve partnerinin ilgisini kaybetme endişesi.",A,false,inst_ecr_r,3,6,18
social_relational,"Interpersonal & Social Dynamics",attachment_system,"Adult Attachment Dimensions (Yetişkin Bağlanma Eksenleri)",attachment_avoidance,"Attachment Avoidance (Bağlanma Kaçınması)","Duygusal yakınlıktan, kırılganlıktan ve başkalarına bağımlı olmaktan rahatsızlık duyup mesafe koyma eğilimi.",A,false,inst_ecr_r,3,6,18
social_relational,"Interpersonal & Social Dynamics",multidimensional_empathy,"Multidimensional Empathy (Çok Boyutlu Empati)",cognitive_perspective_taking,"Perspective Taking (Bilişsel Perspektif Alma)","Olayları ve anlaşmazlıkları diğer insanın bakış açısından görebilme ve zihinselleştirme kapasitesi.",A,false,inst_iri,3,6,12
social_relational,"Interpersonal & Social Dynamics",multidimensional_empathy,"Multidimensional Empathy (Çok Boyutlu Empati)",empathic_concern,"Empathic Concern (Empatik Şefkat ve İlgi)","Zor durumda olan veya acı çeken bir başkası karşısında içten şefkat ve koruyucu ilgi hissetme.",A,false,inst_iri,3,6,12
social_relational,"Interpersonal & Social Dynamics",social_agency_boundaries,"Social Agency & Boundaries (Sosyal İrade ve Sınırlar)",assertiveness,"Assertiveness (Kendini Ortaya Koyma)","Saldırganlaşmadan kendi haklarını, ihtiyaçlarını ve fikirlerini açıkça savunabilme.",A,false,inst_dutch,3,6,12
social_relational,"Interpersonal & Social Dynamics",social_agency_boundaries,"Social Agency & Boundaries (Sosyal İrade ve Sınırlar)",boundary_setting,"Boundary Setting (Kişilerarası Sınır Koyma)","İstemediği taleplere suçluluk duymadan 'hayır' diyebilme ve kişisel sınırlarını koruma.",B,false,inst_dutch,3,6,12
social_relational,"Interpersonal & Social Dynamics",social_agency_boundaries,"Social Agency & Boundaries (Sosyal İrade ve Sınırlar)",social_approval_dependence,"Social Approval Dependence (Sosyal Onay Bağımlılığı)","Kendi eylemlerini ve kararlarını sürekli başkalarının takdirine ve onayına bağlama zaafı.",B,false,inst_dutch,3,6,12
social_relational,"Interpersonal & Social Dynamics",conflict_styles,"Conflict Management Styles (Çatışma Yönetim Stilleri)",conflict_collaborating,"Collaborating Conflict Style (İşbirlikçi Çözüm)","Çatışma anında her iki tarafın da temel ihtiyaçlarını karşılayacak bütünleştirici çözümler arama.",A,false,inst_dutch,3,5,10
social_relational,"Interpersonal & Social Dynamics",conflict_styles,"Conflict Management Styles (Çatışma Yönetim Stilleri)",conflict_avoiding,"Avoiding Conflict Style (Çatışmadan Kaçınma)","Gerginlik ve tartışma ihtimali belirdiğinde yüzleşmek yerine konuyu kapatma veya uzaklaşma.",A,false,inst_dutch,3,5,10
response_integrity,"Response Integrity & Measurement Quality",attention_effort,"Attention & Effort Detection (Dikkatsiz Yanıt İndeksleri)",response_time_analysis,"Response Time Anomaly (Hızlı Tıklama Sinyali)","Maddeyi okumadan saniyenin altında yanıt verme davranışı.",A,false,inst_bidr_6,0,0,0
response_integrity,"Response Integrity & Measurement Quality",attention_effort,"Attention & Effort Detection (Dikkatsiz Yanıt İndeksleri)",longstring_index,"Longstring Invariance (Tekdüze Yanıt Örüntüsü)","Okumadan ardışık olarak aynı yanıt seçeneğine (örn: 10 kez üst üste 4) basma davranışı.",A,false,inst_bidr_6,0,0,0
response_integrity,"Response Integrity & Measurement Quality",response_bias,"Response Bias & Self-Presentation (Yanıt Yanlılığı)",impression_management,"Impression Management (Bilinçli Sosyal Beğenirlik)","Olumlu izlenim bırakmak amacıyla gerçek dışı kusursuzluk iddialarında bulunma eğilimi.",A,false,inst_bidr_6,3,6,12
response_integrity,"Response Integrity & Measurement Quality",profile_coherence,"Profile Coherence (Profil Tutarlılığı)",semantic_pair_inconsistency,"Semantic Pair Inconsistency (Anlamsal Eş/Zıt Tutarsızlığı)","Aynı yapıyı ölçen doğrudan ve ters kodlanmış maddeler arasındaki mutlak uyuşmazlık derecesi.",A,false,inst_bidr_6,3,6,12
optional_dark_tetrad,"Optional Advanced Module: Subclinical Tendencies",dark_tetrad_traits,"Subclinical Relational Strategies (Kişilerarası Stratejiler)",machiavellianism,"Strategic Pragmatism (Makyavelist Yönelim)","Hedefe ulaşmak için ahlaki kuralları ikincil sayarak stratejik ve çıkarcı ilişkiler kurma eğilimi. Subkliniktir; patoloji veya tanı değildir.",B,true,inst_sd4,3,6,10
optional_dark_tetrad,"Optional Advanced Module: Subclinical Tendencies",dark_tetrad_traits,"Subclinical Relational Strategies (Kişilerarası Stratejiler)",grandiose_narcissism,"Ego Striving & Status Need (Statü ve Hayranlık İhtiyacı)","Başkalarının hayranlığını kazanma, üstün olduğunu hissetme ve merkezde olma arzusu. Subkliniktir; patoloji veya tanı değildir.",B,true,inst_sd4,3,6,10
optional_dark_tetrad,"Optional Advanced Module: Subclinical Tendencies",dark_tetrad_traits,"Subclinical Relational Strategies (Kişilerarası Stratejiler)",subclinical_psychopathy,"Impulsive Tough-Mindedness (Sert Mizaç ve Düşük Empati)","Düşük suçluluk hissi, duygusal duyarsızlık ve riskli heyecan arayışı. Subkliniktir; patoloji veya tanı değildir.",B,true,inst_sd4,3,6,10
optional_dark_tetrad,"Optional Advanced Module: Subclinical Tendencies",dark_tetrad_traits,"Subclinical Relational Strategies (Kişilerarası Stratejiler)",everyday_sadism,"Antagonistic Assertion (Sert Rekabetçilik)","Zorlu rekabette veya oyunlarda karşı tarafı ezmekten ve mahcup etmekten gizli bir keyif alma. Subkliniktir; patoloji veya tanı değildir.",B,true,inst_sd4,3,6,10